name,valence,year,acousticness,danceability,duration_ms,energy,explicit,instrumentalness,key,liveness,loudness,mode,speechiness,tempo,Dan The Automator,Bob Dylan,Vladimir Horowitz,Stevie Wonder,Franz Joseph Haydn,Snoop Dogg,St. Louis Symphony,Panic! At The Disco,Irina Salkow,Al Green,Cold,André Previn,Sonny Clark,Sugar Chile Robinson,Wink,Ted Hawkins,Kid Koala,Cher,Robert Schumann,Αντώνης Διαμαντίδης,"Crosby, Stills & Nash",Billy Talent,Mulatu Astatke,Eddie Cochran,Lata Mangeshkar,Merle Haggard & The Strangers,José Luis Perales,Jean Ritchie,Rage Against The Machine,Mindless Self Indulgence,John Prine,Paul Simon,The Miracles,Johnny Cash,Luther Henderson,Janis Joplin,Lennie Tristano,Benjamin Britten,Gabriela Robin,Unspecified,Jerome Kern,Elton John,Spice Girls,Martin Jones,Maroon 5,The Four Freshmen,Эрнест Хемингуэй,Dimitris Arapakis,Teddy Wilson,Francisco Canaro,Julie London,Merle Haggard,Pro Arte Quartet,Andy Griggs,George Harrison,Bat For Lashes,Kacey Musgraves,Gabriele Santini,Matthew West,Graciela Beltran,Gary Wright,Ignacio Corsini,Arun Kumar,Daz Dillinger,Claude Debussy,The Rolling Stones,James Brown,Mouthy Raw,Craig David,Big Brother & The Holding Company,Dyablo,Tex Beneke,Gal Costa,Shanta Apte,Ricardo Arjona,Red Hot Chili Peppers,Orchestra Sinfonica Di Torino Della Rai,Roger Voudouris,Crystal Gayle,Georgette Heyer,Eileen Farrell,Glenn Miller Orchestra,Billie Holiday,Ernesto Fama,Derek & The Dominos,Flo Rida,LMFAO,Sara Evans,George Jones,Dinah Washington,Lookas,Genesis,Maria Callas,Bob Luman,Fleetwood Mac,Charlo,NB Ridaz,Los Felinos,Boosie Badazz,Lead Belly,The Alan Parsons Project,Van Morrison,Lil Rob,Jaganmoy Mitra,Lil Jon,Webbie,Bebe & Cece Winans,Giuseppe Verdi,Sage The Gemini,Elvis Presley,Frankie Ballard,Luther Henderson Orchestra,Umm Kulthum,Deltron 3030,Maynard Ferguson,Henry Mancini,Del The Funky Homosapien,Adolescent's Orquesta,Muddy Waters,T.G. Sheppard,Antônio Carlos Jobim,Shamshad Begum,Toots & The Maytals
She Will Be Loved - Radio Mix,0.4813664596273292,0.826530612244898,0.22837025367327912,0.7201327433628317,0.37749406702723365,0.6692717873570235,0.0,0.0,0.0,0.055489710160543056,0.8880352606286922,0.0,0.029735449735449736,0.5324813631522897,0,0,0,0,0,0,0,0,0,0,0,0,0,0,0,0,0,0,0,0,0,0,0,0,0,0,0,0,0,0,0,0,0,0,0,0,0,0,0,0,0,0,0,0,1,0,0,0,0,0,0,0,0,0,0,0,0,0,0,0,0,0,0,0,0,0,0,0,0,0,0,0,0,0,0,0,0,0,0,0,0,0,0,0,0,0,0,0,0,0,0,0,0,0,0,0,0,0,0,0,0,0,0,0,0,0,0,0,0,0,0,0,0,0,0,0,0,0,0,0,0,0,0
Do You Know What I'm Seeing?,0.27432712215320915,0.8877551020408163,0.08479487509243482,0.5641592920353983,0.3659671485097601,0.6763951642447186,0.0,0.0,0.7272727272727273,0.1229393384333585,0.8283493006029813,0.0,0.03629629629629629,0.6480820230115475,0,0,0,0,0,0,0,1,0,0,0,0,0,0,0,0,0,0,0,0,0,0,0,0,0,0,0,0,0,0,0,0,0,0,0,0,0,0,0,0,0,0,0,0,0,0,0,0,0,0,0,0,0,0,0,0,0,0,0,0,0,0,0,0,0,0,0,0,0,0,0,0,0,0,0,0,0,0,0,0,0,0,0,0,0,0,0,0,0,0,0,0,0,0,0,0,0,0,0,0,0,0,0,0,0,0,0,0,0,0,0,0,0,0,0,0,0,0,0,0,0,0,0
"Louie, Louie",0.9440993788819877,0.5306122448979592,0.3238192457319229,0.8296460176991151,0.39870032059668753,0.5084869947490537,0.0,0.16910229645093947,0.0,0.013576123262579464,0.5750359646169385,1.0,0.07555555555555557,0.46622919668399837,0,0,0,0,0,0,0,0,0,0,0,0,0,0,0,0,0,0,0,0,0,0,0,0,0,0,0,0,0,0,0,0,0,0,0,0,0,0,0,0,0,0,0,0,0,0,0,0,0,0,0,0,0,0,0,0,0,0,0,0,0,0,0,0,0,0,0,0,0,0,0,0,0,0,0,0,0,0,0,0,0,0,0,0,0,0,0,0,0,0,0,0,0,0,0,0,0,0,0,0,0,0,0,0,0,0,0,0,0,0,0,0,0,0,0,0,0,0,0,0,0,0,1
Shots,0.18012422360248448,0.9081632653061225,0.008204594412114586,0.9092920353982301,0.28317402097416794,0.872796841291163,1.0,1.3465553235908141e-06,0.09090909090909091,0.07984053442516971,0.983777662146858,1.0,0.049841269841269846,0.6683006535947712,0,0,0,0,0,0,0,0,0,0,0,0,0,0,0,0,0,0,0,0,0,0,0,0,0,0,0,0,0,0,0,0,0,0,0,0,0,0,0,0,0,0,0,0,0,0,0,0,0,0,0,0,0,0,0,0,0,0,0,0,0,0,0,0,0,0,0,0,0,0,0,0,0,0,0,0,0,0,0,0,0,0,0,0,0,0,1,0,0,0,0,0,0,0,0,0,0,0,0,0,0,0,0,0,1,0,0,0,0,0,0,0,0,0,0,0,0,0,0,0,0,0,0
Часть 13.2 - Фиеста,0.7008281573498966,0.05102040816326531,0.1379448927756165,0.834070796460177,0.004443756783384491,0.26730980583709857,1.0,0.0,0.36363636363636365,0.4030815644865855,0.6058890147225369,1.0,0.9767195767195768,0.6550878072208649,0,0,0,0,0,0,0,0,0,0,0,0,0,0,0,0,0,0,0,0,0,0,0,0,0,0,0,0,0,0,0,0,0,0,0,0,0,0,0,0,0,0,0,0,0,0,1,0,0,0,0,0,0,0,0,0,0,0,0,0,0,0,0,0,0,0,0,0,0,0,0,0,0,0,0,0,0,0,0,0,0,0,0,0,0,0,0,0,0,0,0,0,0,0,0,0,0,0,0,0,0,0,0,0,0,0,0,0,0,0,0,0,0,0,0,0,0,0,0,0,0,0,0
Coo Coo,0.5165631469979296,0.46938775510204084,0.27157348165771794,0.5641592920353983,0.051907538914157905,0.6631660357389995,0.0,0.5490605427974948,0.0,0.24792587005710595,0.7794680297511555,1.0,0.052910052910052914,0.7366775251101506,0,0,0,0,0,0,0,0,0,0,0,0,0,0,0,0,0,0,0,0,0,0,0,0,0,0,0,0,0,0,0,0,0,0,0,1,0,0,0,0,0,0,0,0,0,0,0,0,0,0,0,0,0,0,0,0,0,0,0,0,0,0,0,0,0,0,0,0,0,1,0,0,0,0,0,0,0,0,0,0,0,0,0,0,0,0,0,0,0,0,0,0,0,0,0,0,0,0,0,0,0,0,0,0,0,0,0,0,0,0,0,0,0,0,0,0,0,0,0,0,0,0,0
A Powdered Wig,0.860248447204969,0.37755102040816324,0.25650258817477417,0.5553097345132744,0.14804786424357158,0.2968209386575487,0.0,0.000989561586638831,0.0,0.0,0.577851917602767,1.0,0.039153439153439155,0.936352815886738,0,0,0,0,0,0,0,0,0,0,0,0,0,0,0,0,0,0,0,0,0,0,0,0,0,0,0,0,0,0,0,0,0,0,0,0,0,0,0,0,0,0,0,0,0,0,0,0,0,0,0,0,0,0,0,0,0,0,0,0,0,0,0,0,0,0,0,0,0,0,0,0,0,0,0,0,0,0,0,0,0,0,0,0,0,0,0,0,0,0,0,0,0,0,0,0,0,0,0,0,0,0,0,0,0,0,0,0,0,0,0,0,0,0,0,1,0,0,0,0,0,0,0
Часть 82.4 & Часть 83.1 - Прощай оружие,0.5248447204968945,0.08163265306122448,0.11985982059608398,0.7013274336283186,0.11508033119981433,0.23372817193796555,1.0,0.0,0.6363636363636364,0.41385626548863286,0.3616050932019222,1.0,0.9650793650793652,0.4354288041095031,0,0,0,0,0,0,0,0,0,0,0,0,0,0,0,0,0,0,0,0,0,0,0,0,0,0,0,0,0,0,0,0,0,0,0,0,0,0,0,0,0,0,0,0,0,0,1,0,0,0,0,0,0,0,0,0,0,0,0,0,0,0,0,0,0,0,0,0,0,0,0,0,0,0,0,0,0,0,0,0,0,0,0,0,0,0,0,0,0,0,0,0,0,0,0,0,0,0,0,0,0,0,0,0,0,0,0,0,0,0,0,0,0,0,0,0,0,0,0,0,0,0,0
The Power of Equality,0.9120082815734989,0.7142857142857143,0.0020757643957174552,0.6670353982300885,0.341270509427909,0.8870435950665527,1.0,0.06304801670146139,0.09090909090909091,0.132636569335201,0.6658504484099048,1.0,0.05015873015873016,0.5359946960679906,0,0,0,0,0,0,0,0,0,0,0,0,0,0,0,0,0,0,0,0,0,0,0,0,0,0,0,0,0,0,0,0,0,0,0,0,0,0,0,0,0,0,0,0,0,0,0,0,0,0,0,0,0,0,0,0,0,0,0,0,0,0,0,0,0,0,0,0,0,0,0,0,0,0,0,1,0,0,0,0,0,0,0,0,0,0,0,0,0,0,0,0,0,0,0,0,0,0,0,0,0,0,0,0,0,0,0,0,0,0,0,0,0,0,0,0,0,0,0,0,0,0,0
Green Bird,0.3954451345755694,0.7857142857142857,0.9899527376780375,0.5652654867256637,0.04805537289558651,0.1065250132291285,0.0,1.419624217118998e-05,0.45454545454545453,0.078763064324965,0.6330690826727067,1.0,0.03523809523809524,0.6546858359957402,0,0,0,0,0,0,0,0,0,0,0,0,0,0,0,0,0,0,0,0,0,0,0,0,0,0,0,0,0,0,0,0,0,0,0,0,0,0,1,0,0,0,0,0,0,0,0,0,0,0,0,0,0,0,0,0,0,0,0,0,0,0,0,0,0,0,0,0,0,0,0,0,0,0,0,0,0,0,0,0,0,0,0,0,0,0,0,0,0,0,0,0,0,0,0,0,0,0,0,0,0,0,0,0,0,0,0,0,0,0,0,0,0,0,0,0,0,0,0,0,0,0,0
No One,0.32091097308488614,0.8061224489795918,0.0315443847860335,0.5586283185840708,0.2361493812188135,0.8371799568526885,0.0,0.0,0.45454545454545453,0.09708005602844523,0.8964525114015488,0.0,0.044338624338624344,0.6816022468625362,0,0,0,0,0,0,0,0,0,0,1,0,0,0,0,0,0,0,0,0,0,0,0,0,0,0,0,0,0,0,0,0,0,0,0,0,0,0,0,0,0,0,0,0,0,0,0,0,0,0,0,0,0,0,0,0,0,0,0,0,0,0,0,0,0,0,0,0,0,0,0,0,0,0,0,0,0,0,0,0,0,0,0,0,0,0,0,0,0,0,0,0,0,0,0,0,0,0,0,0,0,0,0,0,0,0,0,0,0,0,0,0,0,0,0,0,0,0,0,0,0,0,0
Tezeta,0.5590062111801243,0.4897959183673469,0.9658393081053275,0.6095132743362832,0.6257027984518525,0.2530630520617088,0.0,0.9739039665970773,0.9090909090909091,0.055489710160543056,0.6152857274035077,1.0,0.04391534391534392,0.4231295287017895,0,0,0,0,0,0,0,0,0,0,0,0,0,0,0,0,0,0,0,0,0,0,1,0,0,0,0,0,0,0,0,0,0,0,0,0,0,0,0,0,0,0,0,0,0,0,0,0,0,0,0,0,0,0,0,0,0,0,0,0,0,0,0,0,0,0,0,0,0,0,0,0,0,0,0,0,0,0,0,0,0,0,0,0,0,0,0,0,0,0,0,0,0,0,0,0,0,0,0,0,0,0,0,0,0,0,0,0,0,0,0,0,0,0,0,0,0,0,0,0,0,0,0
"Clair de Lune, L. 32",0.04109730848861284,0.7448979591836735,0.9979905475356075,0.37057522123893805,0.3969414757459163,0.0,0.0,0.9519832985386222,0.09090909090909091,0.01530007542290702,0.08986563006948058,1.0,0.03978835978835979,0.34366973626511305,0,0,0,0,0,0,0,0,0,0,0,0,0,0,0,0,0,0,0,0,0,0,0,0,0,0,0,0,0,0,0,0,0,0,0,0,0,0,0,0,0,0,0,1,0,0,0,0,0,0,0,0,0,0,0,0,0,0,0,0,0,0,0,0,1,0,0,0,0,0,0,0,0,0,0,0,0,0,0,0,0,0,0,0,0,0,0,0,0,0,0,0,0,0,0,0,0,0,0,0,0,0,0,0,0,0,0,0,0,0,0,0,0,0,0,0,0,0,0,0,0,0,0
Country Road,0.32712215320910976,0.5204081632653061,0.3027199948558017,0.2665929203539823,0.42539926688252144,0.6173728986038182,0.0,0.9112734864300627,0.9090909090909091,0.043637539058291146,0.7896299470478406,1.0,0.04603174603174603,0.9048006849172042,0,0,0,0,0,0,0,0,0,0,0,0,0,0,0,0,0,0,0,0,0,0,0,0,0,0,0,0,0,0,0,0,0,0,0,0,0,0,0,0,0,0,0,0,0,0,0,0,0,0,0,0,0,0,0,0,0,0,0,0,0,0,0,0,0,0,0,0,0,0,0,0,0,0,0,0,0,0,0,0,0,0,0,0,0,0,0,0,0,0,0,0,0,0,0,0,0,0,0,0,0,0,0,0,0,0,0,0,0,0,0,0,0,0,1,0,0,0,0,0,0,0,0
Get Used to It,0.9306418219461698,0.5918367346938775,0.0983586792270842,0.7311946902654867,0.20153449542996135,0.8514267106280784,0.0,0.0001294363256784969,0.0,0.005926085551125962,0.8475100241804658,1.0,0.04973544973544974,0.4459635824510848,0,0,0,0,0,0,0,0,0,0,0,0,0,0,0,0,0,0,0,0,0,0,0,0,0,0,0,0,0,0,0,0,0,0,0,0,0,0,0,0,0,0,0,0,0,0,0,0,0,0,0,0,0,0,0,0,0,0,0,0,0,0,0,0,0,0,0,0,0,0,0,0,0,0,0,0,0,1,0,0,0,0,0,0,0,0,0,0,0,0,0,0,0,0,0,0,0,0,0,0,0,0,0,0,0,0,0,0,0,0,0,0,0,0,0,0,0,0,0,0,0,0,0
The Last Time I Saw Paris,0.33747412008281574,0.3469387755102041,0.8945037456193935,0.4834070796460178,0.1557544716298098,0.08759718321325353,0.0,0.0,0.2727272727272727,0.024674065294688078,0.6175201248813933,1.0,0.03026455026455027,0.5583641337259078,0,0,0,0,0,0,0,0,0,0,0,0,0,0,0,0,0,0,0,0,0,0,0,0,0,0,0,0,0,0,0,0,0,0,0,0,0,0,0,0,0,0,0,0,0,1,0,0,0,0,0,0,0,0,0,0,0,0,0,0,0,0,0,0,0,0,0,0,0,0,0,0,0,0,0,0,0,0,0,0,0,0,0,0,0,0,0,0,0,0,0,0,0,0,0,0,0,0,0,0,0,0,0,0,0,0,0,0,0,0,0,0,0,0,0,0,0,0,0,0,0,0,0
Canción de otoño,0.2505175983436853,0.6224489795918368,0.5408401118863132,0.4413716814159292,0.40376752303222124,0.24390442463467255,0.0,0.0,0.0,0.018747979743562116,0.696917755807903,1.0,0.033227513227513224,0.5645607550794545,0,0,0,0,0,0,0,0,0,0,0,0,0,0,0,0,0,0,0,0,0,0,0,0,0,0,1,0,0,0,0,0,0,0,0,0,0,0,0,0,0,0,0,0,0,0,0,0,0,0,0,0,0,0,0,0,0,0,0,0,0,0,0,0,0,0,0,0,0,0,0,0,0,0,0,0,0,0,0,0,0,0,0,0,0,0,0,0,0,0,0,0,0,0,0,0,0,0,0,0,0,0,0,0,0,0,0,0,0,0,0,0,0,0,0,0,0,0,0,0,0,0,0
No Show Jones,0.7681159420289855,0.6224489795918368,0.36400829501977305,0.6703539823008849,0.11752860682650236,0.5247689990637848,0.0,5.92901878914405e-06,0.9090909090909091,0.00818877276155587,0.6901533470049892,1.0,0.07301587301587302,0.7349547912881872,0,0,0,0,0,0,0,0,0,0,0,0,0,0,0,0,0,0,0,0,0,0,0,0,0,0,0,0,0,0,0,0,0,0,0,0,0,0,0,0,0,0,0,0,0,0,0,0,0,0,0,1,0,0,0,0,0,0,0,0,0,0,0,0,0,0,0,0,0,0,0,0,0,0,0,0,0,0,0,0,0,0,0,0,0,0,0,0,1,0,0,0,0,0,0,0,0,0,0,0,0,0,0,0,0,0,0,0,0,0,0,0,0,0,0,0,0,0,0,0,0,0,0
Dindi - Live,0.44306418219461696,0.6938775510204082,0.9286644375140662,0.3816371681415929,0.5164428102381607,0.10754263849879919,0.0,0.0,0.18181818181818182,1.0,0.40378317162009125,0.0,0.2285714285714286,0.9418133600618095,0,0,0,0,0,0,0,0,0,0,0,0,0,0,0,0,0,0,0,0,0,0,0,0,0,0,0,0,0,0,0,0,0,0,0,0,0,0,0,0,0,0,0,0,0,0,0,0,0,0,0,0,0,0,0,0,0,0,0,0,0,0,0,0,0,0,0,0,0,0,0,0,1,0,0,0,0,0,0,0,0,0,0,0,0,0,0,0,0,0,0,0,0,0,0,0,0,0,0,0,0,0,0,0,0,0,0,0,0,0,0,0,0,0,0,0,0,0,0,0,1,0,0
Homeless (Demo),0.3530020703933748,0.6632653061224489,0.9326833424428512,0.35398230088495575,0.13011811337154403,0.14112427239793218,0.0,0.0005605427974947809,0.6363636363636364,0.07445318392414613,0.5368369502004837,0.0,0.039259259259259265,0.6507287686107456,0,0,0,0,0,0,0,0,0,0,0,0,0,0,0,0,0,0,0,0,0,0,0,0,0,0,0,0,0,0,0,1,0,0,0,0,0,0,0,0,0,0,0,0,0,0,0,0,0,0,0,0,0,0,0,0,0,0,0,0,0,0,0,0,0,0,0,0,0,0,0,0,0,0,0,0,0,0,0,0,0,0,0,0,0,0,0,0,0,0,0,0,0,0,0,0,0,0,0,0,0,0,0,0,0,0,0,0,0,0,0,0,0,0,0,0,0,0,0,0,0,0,0
7 Days,0.9192546583850932,0.8061224489795918,0.2303797061376716,0.7289823008849557,0.32215757702625525,0.8208979525379575,0.0,0.0,0.36363636363636365,0.05085658872966276,0.8289614642955527,0.0,0.05153439153439154,0.4333615235231471,0,0,0,0,0,0,0,0,0,0,0,0,0,0,0,0,0,0,0,0,0,0,0,0,0,0,0,0,0,0,0,0,0,0,0,0,0,0,0,0,0,0,0,0,0,0,0,0,0,0,0,0,0,0,0,0,0,0,0,0,0,0,0,0,0,0,0,0,1,0,0,0,0,0,0,0,0,0,0,0,0,0,0,0,0,0,0,0,0,0,0,0,0,0,0,0,0,0,0,0,0,0,0,0,0,0,0,0,0,0,0,0,0,0,0,0,0,0,0,0,0,0,0
Evga Gkolfo Sto Vouno,0.33850931677018636,0.09183673469387756,0.9989952737678037,0.40929203539823006,0.20056292136621062,0.28664468596084175,0.0,0.4676409185803758,0.18181818181818182,0.07984053442516971,0.6859906338955036,1.0,0.054391534391534394,0.5788490049907077,0,0,0,0,0,0,0,0,0,0,0,0,0,0,0,0,0,0,0,0,0,0,0,0,0,0,0,0,0,0,0,0,0,0,0,0,0,0,0,0,0,0,0,0,0,0,0,1,0,0,0,0,0,0,0,0,0,0,0,0,0,0,0,0,0,0,0,0,0,0,0,0,0,0,0,0,0,0,0,0,0,0,0,0,0,0,0,0,0,0,0,0,0,0,0,0,0,0,0,0,0,0,0,0,0,0,0,0,0,0,0,0,0,0,0,0,0,0,0,0,0,0,0
This Is Called Love,0.7308488612836439,0.2857142857142857,0.9979905475356075,0.4823008849557522,0.16251908449053795,0.27545080799446414,0.0,0.9895615866388309,0.0,0.078763064324965,0.49386305898197186,1.0,0.037460317460317465,0.5537962788949445,0,0,0,0,0,0,0,0,0,0,0,0,0,0,0,0,0,0,0,0,0,0,0,0,0,0,0,0,0,0,0,0,0,0,0,0,1,0,0,0,0,0,0,0,0,0,0,0,0,0,0,0,0,0,0,0,0,0,0,0,0,0,0,0,0,0,0,0,0,0,0,0,0,0,0,0,0,0,0,0,0,0,0,0,0,0,0,0,0,0,0,0,0,0,0,0,0,0,0,0,0,0,0,0,0,0,0,0,0,0,0,0,0,0,0,0,0,0,0,0,0,0,0
Ain't It Funky Now (Parts 1 and 2),0.6542443064182195,0.5,0.680497058161592,0.8396017699115044,1.0,0.5756502625473197,0.0,0.001127348643006263,0.09090909090909091,0.078763064324965,0.821615499984696,0.0,0.04306878306878307,0.5970107957986176,0,0,0,0,0,0,0,0,0,0,0,0,0,0,0,0,0,0,0,0,0,0,0,0,0,0,0,0,0,0,0,0,0,0,0,0,0,0,0,0,0,0,0,0,0,0,0,0,0,0,0,0,0,0,0,0,0,0,0,0,0,0,0,0,0,0,1,0,0,0,0,0,0,0,0,0,0,0,0,0,0,0,0,0,0,0,0,0,0,0,0,0,0,0,0,0,0,0,0,0,0,0,0,0,0,0,0,0,0,0,0,0,0,0,0,0,0,0,0,0,0,0,0
The Light Dies Down on Broadway - New Stereo Mix,0.2722567287784679,0.5408163265306123,0.08851236215156096,0.20575221238938052,0.2704935004653089,0.7669638132454105,0.0,0.005365344467640918,0.36363636363636365,0.13155909923499626,0.8724250864681216,1.0,0.10507936507936508,1.0,0,0,0,0,0,0,0,0,0,0,0,0,0,0,0,0,0,0,0,0,0,0,0,0,0,0,0,0,0,0,0,0,0,0,0,0,0,0,0,0,0,0,0,0,0,0,0,0,0,0,0,0,0,0,0,0,0,0,0,0,0,0,0,0,0,0,0,0,0,0,0,0,0,0,0,0,0,0,0,0,0,0,0,0,0,0,0,0,0,0,0,1,0,0,0,0,0,0,0,0,0,0,0,0,0,0,0,0,0,0,0,0,0,0,0,0,0,0,0,0,0,0,0
Monday Morning - 2017 Remaster,0.9120082815734989,0.5510204081632653,0.0021561424942931552,0.6736725663716814,0.1705897477320458,0.8229332030772989,0.0,1.74321503131524e-05,0.0,0.23607369895485403,0.8093110097640109,1.0,0.03153439153439153,0.5579569420952619,0,0,0,0,0,0,0,0,0,0,0,0,0,0,0,0,0,0,0,0,0,0,0,0,0,0,0,0,0,0,0,0,0,0,0,0,0,0,0,0,0,0,0,0,0,0,0,0,0,0,0,0,0,0,0,0,0,0,0,0,0,0,0,0,0,0,0,0,0,0,0,0,0,0,0,0,0,0,0,0,0,0,0,0,0,0,0,0,0,0,0,0,0,0,1,0,0,0,0,0,0,0,0,0,0,0,0,0,0,0,0,0,0,0,0,0,0,0,0,0,0,0,0
Suite: Judy Blue Eyes,0.3343685300207038,0.8571428571428571,0.49160852650869696,0.5055309734513275,0.7975235100445286,0.40061871616395983,0.0,0.0,0.8181818181818182,0.14448874043745286,0.7047228428881883,1.0,0.04486772486772487,0.8050282945979244,0,0,0,0,0,0,0,0,0,0,0,0,0,0,0,0,0,0,0,0,1,0,0,0,0,0,0,0,0,0,0,0,0,0,0,0,0,0,0,0,0,0,0,0,0,0,0,0,0,0,0,0,0,0,0,0,0,0,0,0,0,0,0,0,0,0,0,0,0,0,0,0,0,0,0,0,0,0,0,0,0,0,0,0,0,0,0,0,0,0,0,0,0,0,0,0,0,0,0,0,0,0,0,0,0,0,0,0,0,0,0,0,0,0,0,0,0,0,0,0,0,0,0
Gin And Juice (feat. Dat Nigga Daz),0.3633540372670807,0.8163265306122449,0.02812831559656625,0.6073008849557521,0.2683683244101726,0.8544795864370904,0.0,0.0005135699373695199,0.6363636363636364,0.6702941493373561,0.927519818799547,1.0,0.21164021164021166,0.49328133809434316,0,0,0,0,0,1,0,0,0,0,0,0,0,0,0,0,0,0,0,0,0,0,0,0,0,0,0,0,0,0,0,0,0,0,0,0,0,0,0,0,0,0,0,0,0,0,0,0,0,0,0,0,0,0,0,0,0,0,0,0,0,0,0,1,0,0,0,0,0,0,0,0,0,0,0,0,0,0,0,0,0,0,0,0,0,0,0,0,0,0,0,0,0,0,0,0,0,0,0,0,0,0,0,0,0,0,0,0,0,0,0,0,0,0,0,0,0,0,0,0,0,0,0
Dime Store Cowgirl,0.6273291925465838,0.9591836734693877,0.14095907147220524,0.7123893805309734,0.2763183941496224,0.6489192819636097,0.0,1.3569937369519833e-06,0.5454545454545454,0.057213662320870606,0.8368583759297237,1.0,0.029100529100529102,0.5218682787278915,0,0,0,0,0,0,0,0,0,0,0,0,0,0,0,0,0,0,0,0,0,0,0,0,0,0,0,0,0,0,0,0,0,0,0,0,0,0,0,0,0,0,0,0,0,0,0,0,0,0,0,0,0,0,0,0,1,0,0,0,0,0,0,0,0,0,0,0,0,0,0,0,0,0,0,0,0,0,0,0,0,0,0,0,0,0,0,0,0,0,0,0,0,0,0,0,0,0,0,0,0,0,0,0,0,0,0,0,0,0,0,0,0,0,0,0,0,0,0,0,0,0,0
People of the Sun,0.7308488612836439,0.7653061224489796,0.0033819084975725815,0.5862831858407079,0.12860273087398433,0.8809378434485285,1.0,0.021607515657620043,0.6363636363636364,0.24146104945587765,0.863793578402865,1.0,0.31957671957671957,0.4857378521163524,0,0,0,0,0,0,0,0,0,0,0,0,0,0,0,0,0,0,0,0,0,0,0,0,0,0,0,0,1,0,0,0,0,0,0,0,0,0,0,0,0,0,0,0,0,0,0,0,0,0,0,0,0,0,0,0,0,0,0,0,0,0,0,0,0,0,0,0,0,0,0,0,0,0,0,0,0,0,0,0,0,0,0,0,0,0,0,0,0,0,0,0,0,0,0,0,0,0,0,0,0,0,0,0,0,0,0,0,0,0,0,0,0,0,0,0,0,0,0,0,0,0,0
Ballad Of A Well-Known Gun,0.8178053830227744,0.5,0.2625309455679517,0.7710176991150443,0.472544500139934,0.7506818089306794,0.0,0.001210855949895616,0.18181818181818182,0.04159034586790217,0.7737136910409843,1.0,0.03492063492063492,0.6916880703293032,0,0,0,0,0,0,0,0,0,0,0,0,0,0,0,0,0,0,0,0,0,0,0,0,0,0,0,0,0,0,0,0,0,0,0,0,0,0,0,0,0,1,0,0,0,0,0,0,0,0,0,0,0,0,0,0,0,0,0,0,0,0,0,0,0,0,0,0,0,0,0,0,0,0,0,0,0,0,0,0,0,0,0,0,0,0,0,0,0,0,0,0,0,0,0,0,0,0,0,0,0,0,0,0,0,0,0,0,0,0,0,0,0,0,0,0,0,0,0,0,0,0,0
Let's Think About Living,0.9979296066252588,0.6836734693877551,0.7468089894865448,0.6780973451327433,0.08021288166136889,0.7079415476045101,0.0,0.0,0.18181818181818182,0.2953345544661136,0.7105996143368737,1.0,0.07989417989417989,0.5053091524149596,0,0,0,0,0,0,0,0,0,0,0,0,0,0,0,0,0,0,0,0,0,0,0,0,0,0,0,0,0,0,0,0,0,0,0,0,0,0,0,0,0,0,0,0,0,0,0,0,0,0,0,0,0,0,0,0,0,0,0,0,0,0,0,0,0,0,0,0,0,0,0,0,0,0,0,0,0,0,0,0,0,0,0,0,0,0,0,0,0,0,0,0,0,1,0,0,0,0,0,0,0,0,0,0,0,0,0,0,0,0,0,0,0,0,0,0,0,0,0,0,0,0,0
Daniel,0.43685300207039335,0.8979591836734694,0.011148442272449603,0.6559734513274336,0.35853358301497407,0.6641836610086701,0.0,0.021294363256784972,0.7272727272727273,0.09600258592824039,0.8015977472376113,0.0,0.03851851851851852,0.705031426841237,0,0,0,0,0,0,0,0,0,0,0,0,0,0,0,0,0,0,0,0,0,0,0,0,0,0,0,0,0,0,0,0,0,0,0,0,0,0,0,0,0,0,0,0,0,0,0,0,0,0,0,0,0,0,0,1,0,0,0,0,0,0,0,0,0,0,0,0,0,0,0,0,0,0,0,0,0,0,0,0,0,0,0,0,0,0,0,0,0,0,0,0,0,0,0,0,0,0,0,0,0,0,0,0,0,0,0,0,0,0,0,0,0,0,0,0,0,0,0,0,0,0,0
En la Tranquera - Remasterizado,0.8809523809523809,0.09183673469387756,0.9989952737678037,0.788716814159292,0.18421226276641495,0.0793544185289209,0.0,0.42588726513569936,0.0,0.04967137161943757,0.4187505739034618,1.0,0.3238095238095238,0.8321013176303536,0,0,0,0,0,0,0,0,0,0,0,0,0,0,0,0,0,0,0,0,0,0,0,0,0,0,0,0,0,0,0,0,0,0,0,0,0,0,0,0,0,0,0,0,0,0,0,0,0,1,0,0,0,0,0,0,0,0,0,0,0,0,0,0,0,0,0,0,0,0,0,0,0,0,0,0,0,0,0,0,0,0,0,0,0,0,0,0,0,0,0,0,0,0,0,1,0,0,0,0,0,0,0,0,0,0,0,0,0,0,0,0,0,0,0,0,0,0,0,0,0,0,0
Irish Heartbeat,0.43788819875776397,0.6326530612244898,0.6463363662669196,0.45022123893805305,0.42664160748862895,0.5196808727154313,0.0,0.0004603340292275574,0.8181818181818182,0.10785475703049241,0.8940650730005204,1.0,0.026243386243386242,0.38864875023491835,0,0,0,0,0,0,0,0,0,0,0,0,0,0,0,0,0,0,0,0,0,0,0,0,0,0,0,0,0,0,0,0,0,0,0,0,0,0,0,0,0,0,0,0,0,0,0,0,0,0,0,0,0,0,0,0,0,0,0,0,0,0,0,0,0,0,0,0,0,0,0,0,0,0,0,0,0,0,0,0,0,0,0,0,0,0,0,0,0,0,0,0,0,0,0,0,0,0,0,0,0,1,0,0,0,0,0,0,0,0,0,0,0,0,0,0,0,0,0,0,0,0,0
Sunny,0.3281573498964803,0.45918367346938777,0.7206861074494422,0.5132743362831859,0.2217100158591832,0.29173281230919523,0.0,0.0,0.6363636363636364,0.011959918112272384,0.72351626825013,0.0,0.07608465608465609,0.6293929712460063,0,0,0,0,0,0,0,0,0,0,0,0,0,0,0,0,0,1,0,0,0,0,0,0,0,0,0,0,0,0,0,0,0,0,0,0,0,0,0,0,0,0,0,0,0,0,0,0,0,0,0,0,0,0,0,0,0,0,0,0,0,0,0,0,0,0,0,0,0,0,0,0,0,0,0,0,0,0,0,0,0,0,0,0,0,0,0,0,0,0,0,0,0,0,0,0,0,0,0,0,0,0,0,0,0,0,0,0,0,0,0,0,0,0,0,0,0,0,0,0,0,0,0
Blue Suede Shoes,0.8975155279503105,0.41836734693877553,0.7910169437031797,0.5995575221238938,0.03470589975266955,0.8707615907518216,0.0,8.079331941544885e-05,0.8181818181818182,0.2964120245663182,0.8292063297725812,1.0,0.054814814814814816,0.48410386518824783,0,0,0,0,0,0,0,0,0,0,0,0,0,0,0,0,0,0,0,0,0,0,0,1,0,0,0,0,0,0,0,0,0,0,0,0,0,0,0,0,0,0,0,0,0,0,0,0,0,0,0,0,0,0,0,0,0,0,0,0,0,0,0,0,0,0,0,0,0,0,0,0,0,0,0,0,0,0,0,0,0,0,0,0,0,0,0,0,0,0,0,0,0,0,0,0,0,0,0,0,0,0,0,0,0,0,0,0,0,0,0,0,0,0,0,0,0,0,0,0,0,0,0
So Much I,0.4192546583850932,0.8673469387755102,0.11684564189949524,0.413716814159292,0.29782726914876917,1.0,0.0,1.5866388308977037e-06,0.36363636363636365,0.1347915095356104,1.0,1.0,0.17883597883597874,0.7786026018501119,0,0,0,0,0,0,0,0,0,0,0,0,0,0,0,0,0,0,0,0,0,0,0,0,0,0,0,0,0,0,0,0,0,0,0,0,0,0,0,0,0,0,0,0,0,0,0,0,0,0,0,0,0,0,0,0,0,0,0,0,0,0,0,0,0,0,0,0,0,0,0,0,0,0,0,1,0,0,0,0,0,0,0,0,0,0,0,0,0,0,0,0,0,0,0,0,0,0,0,0,0,0,0,0,0,0,0,0,0,0,0,0,0,0,0,0,0,0,0,0,0,0,0
Chain Gang,0.8302277432712216,0.42857142857142855,0.5056746937594444,0.7643805309734513,0.15114233901336313,0.5013636178613587,0.0,0.0,0.8181818181818182,0.07445318392414613,0.7040800710109884,1.0,0.07259259259259258,0.7567186619056568,0,0,0,0,0,0,0,0,0,0,0,0,0,0,0,0,0,0,0,0,0,0,0,0,0,0,0,0,0,0,0,0,0,1,0,0,0,0,0,0,0,0,0,0,0,0,0,0,0,0,0,0,0,0,0,0,0,0,0,0,0,0,0,0,0,0,0,0,0,0,0,0,0,0,0,0,0,0,0,0,0,0,0,0,0,0,0,0,0,0,0,0,0,0,0,0,0,0,0,0,0,0,0,0,0,0,0,0,0,0,0,0,0,0,0,0,0,0,0,0,0,0,0
Me Tengo Que Ir,0.8757763975155279,0.7653061224489796,0.25851204063916666,0.49889380530973454,0.4246757058701731,0.7934220702568486,0.0,0.0,0.18181818181818182,0.07768559422476026,0.9146031648862906,0.0,0.03830687830687831,0.5054970870137192,0,0,0,0,0,0,0,0,0,0,0,0,0,0,0,0,0,0,0,0,0,0,0,0,0,0,0,0,0,0,0,0,0,0,0,0,0,0,0,0,0,0,0,0,0,0,0,0,0,0,0,0,0,0,0,0,0,0,0,0,0,0,0,0,0,0,0,0,0,0,0,0,0,0,0,0,0,0,0,0,0,0,0,0,0,0,0,0,0,0,0,0,0,0,0,0,0,0,0,0,0,0,0,0,0,0,0,0,0,0,0,0,0,0,0,0,0,1,0,0,0,0,0
Last Cheater's Waltz,0.35507246376811596,0.5918367346938775,0.4222824164871556,0.5907079646017699,0.30935646301533815,0.295803313387878,0.0,0.024947807933194156,0.0,0.25546816075853895,0.5597012641180252,1.0,0.027407407407407408,0.5105034559084549,0,0,0,0,0,0,0,0,0,0,0,0,0,0,0,0,0,0,0,0,0,0,0,0,0,0,0,0,0,0,0,0,0,0,0,0,0,0,0,0,0,0,0,0,0,0,0,0,0,0,0,0,0,0,0,0,0,0,0,0,0,0,0,0,0,0,0,0,0,0,0,0,0,0,0,0,0,0,0,0,0,0,0,0,0,0,0,0,0,0,0,0,0,0,0,0,0,0,0,0,0,0,0,0,0,0,0,0,0,0,0,0,0,0,0,0,0,0,0,1,0,0,0
Merry Go Round,0.4078674948240166,0.47959183673469385,0.3921406295212681,0.4856194690265487,0.37822217873777286,0.40977734359099605,0.0,0.0,0.0,0.07984053442516971,0.721740993541673,1.0,0.050899470899470896,0.8457213556349056,0,0,0,0,0,0,0,0,0,0,0,0,0,0,0,0,0,0,0,0,0,0,0,0,0,0,0,0,0,0,0,0,0,0,0,0,0,0,0,0,0,0,0,0,0,0,0,0,0,0,0,0,0,0,0,0,0,0,0,0,0,0,0,0,0,0,0,0,0,0,0,0,0,0,0,0,0,0,0,0,0,0,0,0,0,0,0,0,0,0,0,0,0,0,1,0,0,0,0,0,0,0,0,0,0,0,0,0,0,0,0,0,0,0,0,0,0,0,0,0,0,0,0
Betrayed (feat. Webbie),0.5496894409937889,0.9081632653061225,0.006396087194161335,0.9004424778761062,0.4518228959278077,0.8178450767289454,1.0,0.0,0.5454545454545454,0.026398017455015636,0.8653239876342934,1.0,0.07576719576719577,0.7725678130677192,0,0,0,0,0,0,0,0,0,0,0,0,0,0,0,0,0,0,0,0,0,0,0,0,0,0,0,0,0,0,0,0,0,0,0,0,0,0,0,0,0,0,0,0,0,0,0,0,0,0,0,0,0,0,0,0,0,0,0,0,0,0,0,0,0,0,0,0,0,0,0,0,0,0,0,0,0,0,0,0,0,0,0,0,0,0,0,0,0,0,0,0,0,0,0,0,0,0,1,0,0,0,0,0,0,1,0,0,0,0,0,0,0,0,0,0,0,0,0,0,0,0,0
Nobody Knows You When You're Down And Out,0.3892339544513458,0.5,0.9115840915667299,0.504424778761062,0.46365471122406954,0.5156103716367485,0.0,0.44467640918580376,0.0,0.7414071759508674,0.7997306479752686,1.0,0.030052910052910057,0.43463008206477477,0,0,0,0,0,0,0,0,0,0,0,0,0,0,0,0,0,0,0,0,0,0,0,0,0,0,0,0,0,0,0,0,0,0,0,0,0,0,0,0,0,0,0,0,0,0,0,0,0,0,0,0,0,0,0,0,0,0,0,0,0,0,0,0,0,0,0,0,0,0,0,0,0,0,0,0,0,0,0,0,0,0,0,0,1,0,0,0,0,0,0,0,0,0,0,0,0,0,0,0,0,0,0,0,0,0,0,0,0,0,0,0,0,0,0,0,0,0,0,0,0,0,0
City Of Angels,0.34679089026915116,0.5510204081632653,0.7809696813812173,0.415929203539823,0.45036667250672935,0.5318923759514796,0.0,0.00031315240083507306,0.7272727272727273,0.11647451783213017,0.8459490067644089,1.0,0.029312169312169314,0.7765405416692769,0,0,0,0,0,0,0,0,0,0,0,0,0,0,0,0,0,0,0,0,0,0,0,0,0,0,0,0,0,0,0,0,1,0,0,0,0,0,0,0,0,0,0,0,0,0,0,0,0,0,0,0,0,0,0,0,0,0,0,0,0,0,0,0,0,0,0,0,0,0,0,0,0,0,0,0,0,0,0,0,0,0,0,0,0,0,0,0,0,0,0,0,0,0,0,0,0,0,0,0,0,0,0,0,0,0,0,0,0,0,0,0,0,0,0,0,0,0,0,0,0,0,0
She's More,0.28364389233954457,0.7959183673469388,0.07504903064013117,0.7511061946902655,0.24161021904785743,0.5318923759514796,0.0,0.0,0.6363636363636364,0.07768559422476026,0.8166569740748677,1.0,0.028253968253968257,0.5170028607822255,0,0,0,0,0,0,0,0,0,0,0,0,0,0,0,0,0,0,0,0,0,0,0,0,0,0,0,0,0,0,0,0,0,0,0,0,0,0,0,0,0,0,0,0,0,0,0,0,0,0,0,0,0,1,0,0,0,0,0,0,0,0,0,0,0,0,0,0,0,0,0,0,0,0,0,0,0,0,0,0,0,0,0,0,0,0,0,0,0,0,0,0,0,0,0,0,0,0,0,0,0,0,0,0,0,0,0,0,0,0,0,0,0,0,0,0,0,0,0,0,0,0,0
Dancing on a High Wire,0.5476190476190477,0.6428571428571429,0.3218097932675305,0.8727876106194691,0.38714154719187793,0.6255139007611837,0.0,1.1899791231732778e-06,0.18181818181818182,0.03491003124663291,0.7175170640629305,0.0,0.04380952380952381,0.6276284741798742,0,0,0,0,0,0,0,0,0,0,0,0,0,0,0,0,0,0,0,0,0,0,0,0,0,0,0,0,0,0,0,0,0,0,0,0,0,0,0,0,0,0,0,0,0,0,0,0,0,0,0,0,0,0,0,0,0,0,0,0,0,0,0,0,0,0,0,0,0,0,0,0,0,0,0,0,0,0,0,0,0,0,0,0,0,0,0,0,0,0,0,0,0,0,0,0,0,0,0,0,1,0,0,0,0,0,0,0,0,0,0,0,0,0,0,0,0,0,0,0,0,0,0
Honey Hi - 2015 Remaster,0.8995859213250519,0.5918367346938775,0.7166672025206572,0.5951327433628317,0.16409817676276983,0.34566695160174216,0.0,0.0014822546972859082,0.18181818181818182,0.010235965951944835,0.5391325640476263,1.0,0.0364021164021164,0.6717147988055712,0,0,0,0,0,0,0,0,0,0,0,0,0,0,0,0,0,0,0,0,0,0,0,0,0,0,0,0,0,0,0,0,0,0,0,0,0,0,0,0,0,0,0,0,0,0,0,0,0,0,0,0,0,0,0,0,0,0,0,0,0,0,0,0,0,0,0,0,0,0,0,0,0,0,0,0,0,0,0,0,0,0,0,0,0,0,0,0,0,0,0,0,0,0,1,0,0,0,0,0,0,0,0,0,0,0,0,0,0,0,0,0,0,0,0,0,0,0,0,0,0,0,0
Shaon Raate Jodi,0.4202898550724638,0.2653061224489796,0.9989952737678037,0.29535398230088494,0.199168132370709,0.06236007652542029,0.0,0.9634655532359082,0.5454545454545454,0.05581295119060446,0.3994980257720914,1.0,0.04190476190476191,0.39951241412432914,0,0,0,0,0,0,0,0,0,0,0,0,0,0,0,0,0,0,0,0,0,0,0,0,0,0,0,0,0,0,0,0,0,0,0,0,0,0,0,0,0,0,0,0,0,0,0,0,0,0,0,0,0,0,0,0,0,0,0,0,0,0,0,0,0,0,0,0,0,0,0,0,0,0,0,0,0,0,0,0,0,0,0,0,0,0,0,0,0,0,0,0,0,0,0,0,0,0,0,0,0,0,0,1,0,0,0,0,0,0,0,0,0,0,0,0,0,0,0,0,0,0,0
Snowfall (with The Glenn Miller Orchestra),0.16045548654244307,0.20408163265306123,0.8914895669228049,0.28207964601769914,0.17425988582298238,0.16045915252167545,0.0,0.5459290187891441,0.18181818181818182,0.10138993642926408,0.6542499464356769,0.0,0.0326984126984127,0.8674016997640374,0,0,0,0,0,0,0,0,0,0,0,0,0,0,0,0,0,0,0,0,0,0,0,0,0,0,0,0,0,0,0,0,0,0,0,0,0,0,0,0,0,0,0,0,0,0,0,0,0,0,0,0,0,0,0,0,0,0,0,0,0,0,0,0,0,0,0,0,0,0,0,1,0,0,0,0,0,0,0,0,0,1,0,0,0,0,0,0,0,0,0,0,0,0,0,0,0,0,0,0,0,0,0,0,0,0,0,0,0,0,0,0,0,0,0,0,0,0,0,0,0,0,0
"When I Dream - 7"" Single Version",0.2391304347826087,0.5510204081632653,0.9517731408545799,0.5918141592920354,0.17684013169720564,0.08179671917613057,0.0,0.13569937369519833,0.09090909090909091,0.07660812412455555,0.5238896881025987,1.0,0.037142857142857144,0.5676773371755518,0,0,0,0,0,0,0,0,0,0,0,0,0,0,0,0,0,0,0,0,0,0,0,0,0,0,0,0,0,0,0,0,0,0,0,0,0,0,0,0,0,0,0,0,0,0,0,0,0,0,0,0,0,0,0,0,0,0,0,0,0,0,0,0,0,0,0,0,0,0,0,0,0,0,0,0,0,0,1,0,0,0,0,0,0,0,0,0,0,0,0,0,0,0,0,0,0,0,0,0,0,0,0,0,0,0,0,0,0,0,0,0,0,0,0,0,0,0,0,0,0,0,0
Pretty Girl - Remix,0.6770186335403727,0.8163265306122449,0.127897630453654,0.9380530973451326,0.3909049745957274,0.6133023975251354,0.0,0.0,0.36363636363636365,0.025967029414933732,0.8297572770958955,0.0,0.22222222222222224,0.45945311031760955,0,0,0,0,0,0,0,0,0,0,0,0,0,0,0,0,0,0,0,0,0,0,0,0,0,0,0,0,0,0,0,0,0,0,0,0,0,0,0,0,0,0,0,0,0,0,0,0,0,0,0,0,0,0,0,0,0,0,0,0,0,0,0,0,0,0,0,0,0,0,1,0,0,0,0,0,0,0,0,0,0,0,0,0,0,0,0,0,0,0,0,0,0,0,0,0,1,0,0,0,0,0,1,0,0,0,0,0,0,0,0,0,0,0,0,0,0,0,0,0,0,0,0
As Long As I'm In Your Arms,0.855072463768116,0.40816326530612246,0.4122351541651931,0.6758849557522123,0.055639111430671254,0.4576057312655188,0.0,0.00016805845511482257,0.6363636363636364,0.07768559422476026,0.7446359156438432,1.0,0.044444444444444446,0.6457171793104888,0,0,0,0,0,0,0,0,0,0,0,0,0,0,0,0,0,0,0,0,0,0,0,0,0,0,0,0,0,0,0,0,0,0,0,0,0,0,0,0,0,0,0,0,0,0,0,0,0,0,0,0,0,0,0,0,0,0,0,0,0,0,0,0,0,0,0,0,0,0,0,0,0,0,0,0,0,0,0,0,0,0,0,0,0,0,0,0,0,1,0,0,0,0,0,0,0,0,0,0,0,0,0,0,0,0,0,0,0,0,0,0,0,0,0,0,0,0,0,0,0,0,0
Melody For C,0.7380952380952381,0.41836734693877553,0.759870430505096,0.7013274336283186,0.8464639937382393,0.3609313306468026,0.0,0.0007327766179539666,0.0,0.22960887835362573,0.65226041443482,1.0,0.04169312169312169,0.4322756791747583,0,0,0,0,0,0,0,0,0,0,0,0,1,0,0,0,0,0,0,0,0,0,0,0,0,0,0,0,0,0,0,0,0,0,0,0,0,0,0,0,0,0,0,0,0,0,0,0,0,0,0,0,0,0,0,0,0,0,0,0,0,0,0,0,0,0,0,0,0,0,0,0,0,0,0,0,0,0,0,0,0,0,0,0,0,0,0,0,0,0,0,0,0,0,0,0,0,0,0,0,0,0,0,0,0,0,0,0,0,0,0,0,0,0,0,0,0,0,0,0,0,0,0
Love Thing,0.7867494824016563,0.7653061224489796,0.025716972639295246,0.8849557522123894,0.2844777960058522,0.7506818089306794,0.0,0.0,0.18181818181818182,0.023596595194483358,0.8157387285360106,1.0,0.054920634920634925,0.5745526112468416,0,0,0,0,0,0,0,0,0,0,0,0,0,0,0,0,0,0,0,0,0,0,0,0,0,0,0,0,0,0,0,0,0,0,0,0,0,0,0,0,0,0,1,0,0,0,0,0,0,0,0,0,0,0,0,0,0,0,0,0,0,0,0,0,0,0,0,0,0,0,0,0,0,0,0,0,0,0,0,0,0,0,0,0,0,0,0,0,0,0,0,0,0,0,0,0,0,0,0,0,0,0,0,0,0,0,0,0,0,0,0,0,0,0,0,0,0,0,0,0,0,0,0
One Morning in May - Another Version,0.0,0.3163265306122449,0.9467495096935986,0.0,0.0038817455568120537,0.02592909187120935,0.0,0.0,0.8181818181818182,0.1024674065294688,0.371644577760093,1.0,0.0,0.0,0,0,0,0,0,0,0,0,0,0,0,0,0,0,0,0,0,0,0,0,0,0,0,0,0,0,0,1,0,0,0,0,0,0,0,0,0,0,0,0,0,0,0,0,0,0,0,0,0,0,0,0,0,0,0,0,0,0,0,0,0,0,0,0,0,0,0,0,0,0,0,0,0,0,0,0,0,0,0,0,0,0,0,0,0,0,0,0,0,0,0,0,0,0,0,0,0,0,0,0,0,0,0,0,0,0,0,0,0,0,0,0,0,0,0,0,0,0,0,0,0,0,0
Someplace Else - Remastered 2004,0.46894409937888204,0.673469387755102,0.7216908336816386,0.6725663716814159,0.317092649939817,0.4077420930516547,0.0,0.0,0.8181818181818182,0.21129188665014548,0.7721220654402987,1.0,0.02687830687830688,0.6697153834909895,0,0,0,0,0,0,0,0,0,0,0,0,0,0,0,0,0,0,0,0,0,0,0,0,0,0,0,0,0,0,0,0,0,0,0,0,0,0,0,0,0,0,0,0,0,0,0,0,0,0,0,0,0,0,1,0,0,0,0,0,0,0,0,0,0,0,0,0,0,0,0,0,0,0,0,0,0,0,0,0,0,0,0,0,0,0,0,0,0,0,0,0,0,0,0,0,0,0,0,0,0,0,0,0,0,0,0,0,0,0,0,0,0,0,0,0,0,0,0,0,0,0,0
Dekho Sakhiyan Kaisi Chhai Badri,0.3923395445134576,0.1326530612244898,0.9246455325852811,0.4446902654867257,0.2283221803305172,0.27646843326413484,0.0,0.0,0.5454545454545454,0.08307294472578387,0.7536959382938999,0.0,0.040952380952380955,0.5832602476560379,0,0,0,0,0,0,0,0,0,0,0,0,0,0,0,0,0,0,0,0,0,0,0,0,0,0,0,0,0,0,0,0,0,0,0,0,0,0,0,0,0,0,0,0,0,0,0,0,0,0,0,0,0,0,0,0,0,0,0,0,0,0,0,0,0,0,0,0,0,0,0,0,0,1,0,0,0,0,0,0,0,0,0,0,0,0,0,0,0,0,0,0,0,0,0,0,0,0,0,0,0,0,0,0,0,0,0,0,0,0,0,0,0,0,0,0,0,0,0,0,0,0,0
El Pescado Nadador,1.0,0.6020408163265306,0.5056746937594444,0.8440265486725663,0.21006705453784247,0.5451215044571988,0.0,0.0008173277661795407,0.36363636363636365,0.039543152677513196,0.7059165620887026,1.0,0.0780952380952381,0.6141232850967863,0,0,0,0,0,0,0,0,0,0,0,0,0,0,0,0,0,0,0,0,0,0,0,0,0,0,0,0,0,0,0,0,0,0,0,0,0,0,0,0,0,0,0,0,0,0,0,0,0,0,0,0,0,0,0,0,0,0,0,0,0,0,0,0,0,0,0,0,0,0,0,0,0,0,0,0,0,0,0,0,0,0,0,0,0,0,0,0,0,0,0,0,0,0,0,0,0,1,0,0,0,0,0,0,0,0,0,0,0,0,0,0,0,0,0,0,0,0,0,0,0,0,0
GDFR (feat. Sage the Gemini & Lookas),0.7142857142857143,0.9591836734693877,0.0,0.7267699115044248,0.21988746123373978,0.836162331583018,0.0,0.005574112734864301,0.45454545454545453,0.018424738713500706,0.9349576076642895,1.0,0.07767195767195768,0.7615997410678862,0,0,0,0,0,0,0,0,0,0,0,0,0,0,0,0,0,0,0,0,0,0,0,0,0,0,0,0,0,0,0,0,0,0,0,0,0,0,0,0,0,0,0,0,0,0,0,0,0,0,0,0,0,0,0,0,0,0,0,0,0,0,0,0,0,0,0,0,0,0,0,0,0,0,0,0,0,0,0,0,0,0,0,0,0,1,0,0,0,0,1,0,0,0,0,0,0,0,0,0,0,0,0,0,0,0,0,0,1,0,0,0,0,0,0,0,0,0,0,0,0,0,0
Sweet Baby,0.9782608695652174,0.6224489795918368,0.4664903707037907,0.5851769911504425,0.2572964757117861,0.5125574958277365,0.0,0.0,0.0,0.26516539166038144,0.648771081387163,1.0,0.033756613756613756,0.7522604355906366,0,0,0,0,0,0,0,0,0,0,0,0,0,0,0,1,0,0,0,0,0,0,0,0,0,0,0,0,0,0,0,0,0,0,0,0,0,0,0,0,0,0,0,0,0,0,0,0,0,0,0,0,0,0,0,0,0,0,0,0,0,0,0,0,0,0,0,0,0,0,0,0,0,0,0,0,0,0,0,0,0,0,0,0,0,0,0,0,0,0,0,0,0,0,0,0,0,0,0,0,0,0,0,0,0,0,0,0,0,0,0,0,0,0,0,0,0,0,0,0,0,0,0
Fallen Leaves,0.9461697722567288,0.8673469387755102,0.0003476352763399029,0.7853982300884955,0.24039745797999057,0.8198803272682866,0.0,2.1711899791231732e-06,0.2727272727272727,0.021333907984053442,0.9336414557252609,1.0,0.04560846560846561,0.6423604585604209,0,0,0,0,0,0,0,0,0,0,0,0,0,0,0,0,0,0,0,0,0,1,0,0,0,0,0,0,0,0,0,0,0,0,0,0,0,0,0,0,0,0,0,0,0,0,0,0,0,0,0,0,0,0,0,0,0,0,0,0,0,0,0,0,0,0,0,0,0,0,0,0,0,0,0,0,0,0,0,0,0,0,0,0,0,0,0,0,0,0,0,0,0,0,0,0,0,0,0,0,0,0,0,0,0,0,0,0,0,0,0,0,0,0,0,0,0,0,0,0,0,0,0
"Haydn: String Quartet No. 51 in G Major, Op. 64 No. 4, Hob. III, 66: IV. Finale (Presto)",0.7805383022774327,0.14285714285714285,0.9326833424428512,0.5929203539823009,0.270279617650338,0.2500101762526967,0.0,0.14509394572025053,0.6363636363636364,0.2242215278526021,0.5904930978543663,1.0,0.07312169312169312,0.3781400739209422,0,0,0,0,1,0,0,0,0,0,0,0,0,0,0,0,0,0,0,0,0,0,0,0,0,0,0,0,0,0,0,0,0,0,0,0,0,0,0,0,0,0,0,0,0,0,0,0,0,0,0,0,1,0,0,0,0,0,0,0,0,0,0,0,0,0,0,0,0,0,0,0,0,0,0,0,0,0,0,0,0,0,0,0,0,0,0,0,0,0,0,0,0,0,0,0,0,0,0,0,0,0,0,0,0,0,0,0,0,0,0,0,0,0,0,0,0,0,0,0,0,0,0
A Real Fine Place to Start,0.2153209109730849,0.8571428571428571,0.0007294312445744785,0.6471238938053097,0.33034883376982116,0.7974925713355314,0.0,0.0009081419624216076,0.7272727272727273,0.10031246632905937,0.9717486455878303,1.0,0.04338624338624339,0.6314237089937146,0,0,0,0,0,0,0,0,0,0,0,0,0,0,0,0,0,0,0,0,0,0,0,0,0,0,0,0,0,0,0,0,0,0,0,0,0,0,0,0,0,0,0,0,0,0,0,0,0,0,0,0,0,0,0,0,0,0,0,0,0,0,0,0,0,0,0,0,0,0,0,0,0,0,0,0,0,0,0,0,0,0,0,0,0,0,0,1,0,0,0,0,0,0,0,0,0,0,0,0,0,0,0,0,0,0,0,0,0,0,0,0,0,0,0,0,0,0,0,0,0,0,0
Send Me Some Lovin',0.8167701863354038,0.46938775510204084,0.013660257852940233,0.5210176991150443,0.13497370834120226,0.738470305694631,0.0,1.1064718162839248e-05,0.09090909090909091,0.15310850123909064,0.8375623641761808,1.0,0.0744973544973545,0.9840934243772055,0,0,0,1,0,0,0,0,0,0,0,0,0,0,0,0,0,0,0,0,0,0,0,0,0,0,0,0,0,0,0,0,0,0,0,0,0,0,0,0,0,0,0,0,0,0,0,0,0,0,0,0,0,0,0,0,0,0,0,0,0,0,0,0,0,0,0,0,0,0,0,0,0,0,0,0,0,0,0,0,0,0,0,0,0,0,0,0,0,0,0,0,0,0,0,0,0,0,0,0,0,0,0,0,0,0,0,0,0,0,0,0,0,0,0,0,0,0,0,0,0,0,0
Number's Boogie,0.7950310559006212,0.3469387755102041,0.11584091566729898,0.8473451327433627,0.1216242351982853,0.35380795375910773,0.0,0.031106471816283926,0.7272727272727273,0.07660812412455555,0.4965259710446574,0.0,0.054391534391534394,0.5403067510284199,0,0,0,0,0,0,0,0,0,0,0,0,0,1,0,0,0,0,0,0,0,0,0,0,0,0,0,0,0,0,0,0,0,0,0,0,0,0,0,0,0,0,0,0,0,0,0,0,0,0,0,0,0,0,0,0,0,0,0,0,0,0,0,0,0,0,0,0,0,0,0,0,0,0,0,0,0,0,0,0,0,0,0,0,0,0,0,0,0,0,0,0,0,0,0,0,0,0,0,0,0,0,0,0,0,0,0,0,0,0,0,0,0,0,0,0,0,0,0,0,0,0,0
"Kinderszenen, Op. 15: No. 1, Von fremden Ländern und Menschen",0.36853002070393376,0.41836734693877553,1.0,0.4623893805309734,2.9579538240654574e-05,0.001068506533154231,0.0,0.9645093945720251,0.6363636363636364,0.03016916280573214,0.0,1.0,0.04920634920634921,0.3629904570987074,0,0,1,0,0,0,0,0,0,0,0,0,0,0,0,0,0,0,1,0,0,0,0,0,0,0,0,0,0,0,0,0,0,0,0,0,0,0,0,0,0,0,0,0,0,0,0,0,0,0,0,0,0,0,0,0,0,0,0,0,0,0,0,0,0,0,0,0,0,0,0,0,0,0,0,0,0,0,0,0,0,0,0,0,0,0,0,0,0,0,0,0,0,0,0,0,0,0,0,0,0,0,0,0,0,0,0,0,0,0,0,0,0,0,0,0,0,0,0,0,0,0,0
Really Want to Know You - Remastered Version,0.7287784679089028,0.6122448979591837,0.2092804552615503,0.6349557522123893,0.38489805298377905,0.49627549151300526,0.0,3.152400835073069e-05,0.09090909090909091,0.009589483891822008,0.6402007896911635,1.0,0.03608465608465609,0.6501023199482135,0,0,0,0,0,0,0,0,0,0,0,0,0,0,0,0,0,0,0,0,0,0,0,0,0,0,0,0,0,0,0,0,0,0,0,0,0,0,0,0,0,0,0,0,0,0,0,0,0,0,0,0,0,0,0,0,0,0,0,0,1,0,0,0,0,0,0,0,0,0,0,0,0,0,0,0,0,0,0,0,0,0,0,0,0,0,0,0,0,0,0,0,0,0,0,0,0,0,0,0,0,0,0,0,0,0,0,0,0,0,0,0,0,0,0,0,0,0,0,0,0,0,0
Are You Lonesome Tonight,0.1977225672877847,0.42857142857142855,0.9216313538886924,0.39269911504424776,0.21269963344126072,0.08841128342899011,0.0,0.0007327766179539666,0.6363636363636364,0.0626010128218942,0.5152887882219706,1.0,0.054497354497354496,0.34429618492764513,0,0,0,0,0,0,0,0,0,0,0,0,0,0,0,0,0,0,0,0,0,0,0,0,0,0,0,0,0,0,0,0,0,0,0,0,0,0,0,0,0,0,0,0,0,0,0,0,0,0,0,0,0,0,0,0,0,0,0,0,0,0,0,0,0,0,0,0,0,0,0,0,0,0,0,0,0,0,0,0,0,0,0,0,0,0,0,0,0,0,0,0,0,0,0,0,0,0,0,0,0,0,0,0,0,0,0,0,0,1,0,0,0,0,0,0,0,0,0,0,0,0,0
What Shall I Say? (with Teddy Wilson & His Orchestra),0.7712215320910973,0.12244897959183673,0.8050831109539273,0.8738938053097345,0.20581215172937908,0.16452965360035812,0.0,0.0,0.7272727272727273,0.09061523542721692,0.6653301092712192,1.0,0.0891005291005291,0.6038651882478231,0,0,0,0,0,0,0,0,0,0,0,0,0,0,0,0,0,0,0,0,0,0,0,0,0,0,0,0,0,0,0,0,0,0,0,0,0,0,0,0,0,0,0,0,0,0,0,0,1,0,0,0,0,0,0,0,0,0,0,0,0,0,0,0,0,0,0,0,0,0,0,0,0,0,0,0,0,0,0,0,0,0,1,0,0,0,0,0,0,0,0,0,0,0,0,0,0,0,0,0,0,0,0,0,0,0,0,0,0,0,0,0,0,0,0,0,0,0,0,0,0,0,0
I'm Glad There Is You,0.17184265010351968,0.3469387755102041,0.9618204031765424,0.5420353982300885,0.12256395437469994,0.06286888916025564,0.0,0.001010438413361169,0.9090909090909091,0.06583342312250835,0.5788313795108813,0.0,0.042433862433862435,0.6546440727515713,0,0,0,0,0,0,0,0,0,0,0,0,0,0,0,0,0,0,0,0,0,0,0,0,0,0,0,0,0,0,0,0,0,0,0,0,0,0,0,0,0,0,0,0,0,0,0,0,0,0,1,0,0,0,0,0,0,0,0,0,0,0,0,0,0,0,0,0,0,0,0,0,0,0,0,0,0,0,0,0,0,0,0,0,0,0,0,0,0,0,0,0,0,0,0,0,0,0,0,0,0,0,0,0,0,0,0,0,0,0,0,0,0,0,0,0,0,0,0,0,0,0,0
Τζαβέλαινα,0.5031055900621118,0.09183673469387756,0.9778960228916824,0.4258849557522124,0.20854257064390105,0.39858346562461844,0.0,0.005177453027139875,0.45454545454545453,0.3201163667708221,0.7508799853080714,1.0,0.08105820105820107,0.5468635803629225,0,0,0,0,0,0,0,0,0,0,0,0,0,0,0,0,0,0,0,1,0,0,0,0,0,0,0,0,0,0,0,0,0,0,0,0,0,0,0,0,0,0,0,0,0,0,0,0,0,0,0,0,0,0,0,0,0,0,0,0,0,0,0,0,0,0,0,0,0,0,0,0,0,0,0,0,0,0,0,0,0,0,0,0,0,0,0,0,0,0,0,0,0,0,0,0,0,0,0,0,0,0,0,0,0,0,0,0,0,0,0,0,0,0,0,0,0,0,0,0,0,0,0
Kapitel 225 - Der Page und die Herzogin,0.4089026915113872,0.05102040816326531,0.29970581615921293,0.7201327433628317,0.09072726983137387,0.16249440306101684,0.0,0.0,0.7272727272727273,0.06583342312250835,0.39144807321477737,0.0,1.0,0.44709641044916354,0,0,0,0,0,0,0,0,1,0,0,0,0,0,0,0,0,0,0,0,0,0,0,0,0,0,0,0,0,0,0,0,0,0,0,0,0,0,0,0,0,0,0,0,0,0,0,0,0,0,0,0,0,0,0,0,0,0,0,0,0,0,0,0,0,0,0,0,0,0,0,0,0,0,0,0,0,0,0,1,0,0,0,0,0,0,0,0,0,0,0,0,0,0,0,0,0,0,0,0,0,0,0,0,0,0,0,0,0,0,0,0,0,0,0,0,0,0,0,0,0,0,0
Montenegro: Wedding Song,0.5072463768115942,0.3163265306122449,0.995981095071215,0.6504424778761061,0.0,0.14112427239793218,0.0,1.9937369519832985e-05,0.36363636363636365,0.015192328412886546,0.6693397814575618,1.0,0.06232804232804233,0.6828916870262483,0,0,0,0,0,0,0,0,0,0,0,0,0,0,0,0,0,0,0,0,0,0,0,0,0,0,0,0,0,0,0,0,0,0,0,0,0,0,0,1,0,0,0,0,0,0,0,0,0,0,0,0,0,0,0,0,0,0,0,0,0,0,0,0,0,0,0,0,0,0,0,0,0,0,0,0,0,0,0,0,0,0,0,0,0,0,0,0,0,0,0,0,0,0,0,0,0,0,0,0,0,0,0,0,0,0,0,0,0,0,0,0,0,0,0,0,0,0,0,0,0,0,0
Saiyan Dil Mein Aana Re,0.9057971014492754,0.30612244897959184,0.9527778670867761,0.779867256637168,0.30984111237266576,0.43318272479342207,0.0,0.07964509394572027,0.0,0.060446072621484756,0.8880964769979492,1.0,0.055767195767195764,0.534882749691996,0,0,0,0,0,0,0,0,0,0,0,0,0,0,0,0,0,0,0,0,0,0,0,0,0,0,0,0,0,0,0,0,0,0,0,0,0,0,0,0,0,0,0,0,0,0,0,0,0,0,0,0,0,0,0,0,0,0,0,0,0,0,0,0,0,0,0,0,0,0,0,0,0,0,0,0,0,0,0,0,0,0,0,0,0,0,0,0,0,0,0,0,0,0,0,0,0,0,0,0,0,0,0,0,0,0,0,0,0,0,0,0,0,0,0,0,0,0,0,0,0,1,0
Take A Whiff On Me (126-A-3),0.9917184265010351,0.14285714285714285,0.9789007491238787,0.7046460176991151,0.09687753843633459,0.43012984898441,0.0,0.00908141962421712,0.9090909090909091,0.060446072621484756,0.7421260445043005,1.0,0.04592592592592593,0.5934556996387479,0,0,0,0,0,0,0,0,0,0,0,0,0,0,0,0,0,0,0,0,0,0,0,0,0,0,0,0,0,0,0,0,0,0,0,0,0,0,0,0,0,0,0,0,0,0,0,0,0,0,0,0,0,0,0,0,0,0,0,0,0,0,0,0,0,0,0,0,0,0,0,0,0,0,0,0,0,0,0,0,0,0,0,0,0,0,0,0,0,0,0,0,0,0,0,0,0,0,0,1,0,0,0,0,0,0,0,0,0,0,0,0,0,0,0,0,0,0,0,0,0,0,0
Estan Lloviendo Lagrimas,0.994824016563147,0.7755102040816326,0.6845159630903772,0.7710176991150443,0.21092258579772602,0.5502096308055522,0.0,1.5657620041753654e-06,0.45454545454545453,0.0005387350501023602,0.7997306479752686,1.0,0.029841269841269842,0.5827016642652801,0,0,0,0,0,0,0,0,0,0,0,0,0,0,0,0,0,0,0,0,0,0,0,0,0,0,0,0,0,0,0,0,0,0,0,0,0,0,0,0,0,0,0,0,0,0,0,0,0,0,0,0,0,0,0,0,0,0,0,1,0,0,0,0,0,0,0,0,0,0,0,0,0,0,0,0,0,0,0,0,0,0,0,0,0,0,0,0,0,0,0,0,0,0,0,0,0,0,0,0,0,0,0,0,0,0,0,0,0,0,0,0,0,0,0,0,0,0,0,0,0,0,0
Tere Dukh Ke Din Phirenge,0.37370600414078675,0.22448979591836735,0.9638298556409349,0.3993362831858407,0.14194992866780587,0.3019090650059022,0.0,0.022651356993736955,0.7272727272727273,0.04665445533886436,0.7216491689877873,1.0,0.037460317460317465,0.42934703167742067,0,0,0,0,0,0,0,0,0,0,0,0,0,0,0,0,0,0,0,0,0,0,0,0,0,0,0,0,0,0,0,0,0,0,0,0,0,0,0,0,0,0,0,0,0,0,0,0,0,0,0,0,0,0,0,0,0,0,0,0,0,0,1,0,0,0,0,0,0,0,0,0,0,0,0,0,0,0,0,0,0,0,0,0,0,0,0,0,0,0,0,0,0,0,0,0,0,0,0,0,0,0,0,0,0,0,0,0,0,0,0,0,0,0,0,0,0,0,0,0,0,0,0
It All Started With a Beer - Single Version,0.3799171842650105,0.9591836734693877,0.4062067967720156,0.5984513274336284,0.3282259330637803,0.5084869947490537,0.0,0.0,0.18181818181818182,0.08953776532701219,0.8115760154265251,1.0,0.02687830687830688,0.3863308901835493,0,0,0,0,0,0,0,0,0,0,0,0,0,0,0,0,0,0,0,0,0,0,0,0,0,0,0,0,0,0,0,0,0,0,0,0,0,0,0,0,0,0,0,0,0,0,0,0,0,0,0,0,0,0,0,0,0,0,0,0,0,0,0,0,0,0,0,0,0,0,0,0,0,0,0,0,0,0,0,0,0,0,0,0,0,0,0,0,0,0,0,0,0,0,0,0,0,0,0,0,0,0,0,0,0,0,0,0,0,0,1,0,0,0,0,0,0,0,0,0,0,0,0
It's O.K.,0.17494824016563137,0.7142857142857143,0.3720461048773431,0.5221238938053097,0.3497052285246864,0.3700899580738389,0.0,0.0,0.5454545454545454,0.08846029522680747,0.7051207492883597,1.0,0.03428571428571429,0.6781828812462152,0,0,0,0,0,0,0,0,0,0,0,0,0,0,0,0,0,0,0,0,0,0,0,0,0,0,0,0,0,0,0,0,0,0,0,0,0,0,0,0,0,0,0,0,0,0,0,0,0,0,0,0,0,0,0,0,0,0,0,0,0,0,0,0,0,0,0,0,0,0,0,0,0,0,0,0,0,0,0,0,0,0,0,0,0,0,0,0,0,0,0,0,0,0,0,0,0,0,0,0,0,0,0,0,0,0,1,0,0,0,0,0,0,0,0,0,0,0,0,0,0,0,0
Down The Road Apiece,0.9565217391304348,0.4489795918367347,0.5950953284249108,0.43473451327433627,0.18767079339147608,0.7791753164814588,0.0,0.0001304801670146138,0.18181818181818182,0.01864023273354164,0.7545223592788712,1.0,0.05195767195767196,0.9312420388815802,0,0,0,0,0,0,0,0,0,0,0,0,0,0,0,0,0,0,0,0,0,0,0,0,0,0,0,0,0,0,0,0,0,0,0,0,0,0,0,0,0,0,0,0,0,0,0,0,0,0,0,0,0,0,0,0,0,0,0,0,0,0,0,0,0,1,0,0,0,0,0,0,0,0,0,0,0,0,0,0,0,0,0,0,0,0,0,0,0,0,0,0,0,0,0,0,0,0,0,0,0,0,0,0,0,0,0,0,0,0,0,0,0,0,0,0,0,0,0,0,0,0,0
Get Rhythm,0.9824016563146998,0.4897959183673469,0.6774828794650034,1.0,0.08970336273842815,0.5379981275695038,0.0,0.0,0.45454545454545453,0.19728477534748415,0.7829267546141838,1.0,0.0687830687830688,0.5786297479588214,0,0,0,0,0,0,0,0,0,0,0,0,0,0,0,0,0,0,0,0,0,0,0,0,0,0,0,0,0,0,0,0,0,1,0,0,0,0,0,0,0,0,0,0,0,0,0,0,0,0,0,0,0,0,0,0,0,0,0,0,0,0,0,0,0,0,0,0,0,0,0,0,0,0,0,0,0,0,0,0,0,0,0,0,0,0,0,0,0,0,0,0,0,0,0,0,0,0,0,0,0,0,0,0,0,0,0,0,0,0,0,0,0,0,0,0,0,0,0,0,0,0,0
La Payasa - Remasterizado,0.6821946169772257,0.0,1.0,0.5685840707964602,0.10457504442619109,0.12382464281353034,0.0,1.0,0.0,0.06583342312250835,0.25459887974044265,1.0,0.0728042328042328,0.36476539497588173,0,0,0,0,0,0,0,0,0,0,0,0,0,0,0,0,0,0,0,0,0,0,0,0,0,0,0,0,0,0,0,0,0,0,0,0,0,0,0,0,0,0,0,0,0,0,0,0,0,0,0,0,0,0,0,0,0,0,0,0,0,1,0,0,0,0,0,0,0,0,0,0,0,0,0,0,0,0,0,0,0,0,0,0,0,0,0,0,0,0,0,0,0,0,0,0,0,0,0,0,0,0,0,0,0,0,0,0,0,0,0,0,0,0,0,0,0,0,0,0,0,0,0
Sheesha Ho Ya Dil Ho,0.5621118012422359,0.3673469387755102,0.867376137350095,0.4734513274336283,0.5755108727556525,0.6519721577726217,0.0,1.0751565762004177e-06,0.36363636363636365,0.11755198793233489,0.8661504086192648,1.0,0.09703703703703705,0.6692298857775271,0,0,0,0,0,0,0,0,0,0,0,0,0,0,0,0,0,0,0,0,0,0,0,0,1,0,0,0,0,0,0,0,0,0,0,0,0,0,0,0,0,0,0,0,0,0,0,0,0,0,0,0,0,0,0,0,0,0,0,0,0,0,0,0,0,0,0,0,0,0,0,0,0,0,0,0,0,0,0,0,0,0,0,0,0,0,0,0,0,0,0,0,0,0,0,0,0,0,0,0,0,0,0,0,0,0,0,0,0,0,0,0,0,0,0,0,0,0,0,0,0,0,0
I'm a Ram,0.9099378881987578,0.5102040816326531,0.2615262193357554,0.9380530973451326,0.3047443303988914,0.5023812431310294,0.0,0.5396659707724426,1.0,0.1735804331429803,0.7470233540448715,0.0,0.07365079365079365,0.42336444695023906,0,0,0,0,0,0,0,0,0,1,0,0,0,0,0,0,0,0,0,0,0,0,0,0,0,0,0,0,0,0,0,0,0,0,0,0,0,0,0,0,0,0,0,0,0,0,0,0,0,0,0,0,0,0,0,0,0,0,0,0,0,0,0,0,0,0,0,0,0,0,0,0,0,0,0,0,0,0,0,0,0,0,0,0,0,0,0,0,0,0,0,0,0,0,0,0,0,0,0,0,0,0,0,0,0,0,0,0,0,0,0,0,0,0,0,0,0,0,0,0,0,0,0
Silver Wings,0.4554865424430642,0.9081632653061225,0.8080972896505161,0.6017699115044248,0.16473527450949163,0.2805389343428176,0.0,0.00010751565762004176,0.36363636363636365,0.10785475703049241,0.6124391662330507,1.0,0.029206349206349208,0.5498078890768234,0,0,0,0,0,0,0,0,0,0,0,0,0,0,0,0,0,0,0,0,0,0,0,0,0,1,0,0,0,0,0,0,0,0,0,0,0,0,0,0,0,0,0,0,0,0,0,0,0,0,0,1,0,0,0,0,0,0,0,0,0,0,0,0,0,0,0,0,0,0,0,0,0,0,0,0,0,0,0,0,0,0,0,0,0,0,0,0,0,0,0,0,0,0,0,0,0,0,0,0,0,0,0,0,0,0,0,0,0,0,0,0,0,0,0,0,0,0,0,0,0,0,0
Mastermind,0.2587991718426501,0.8061224489795918,0.0015432594926534416,0.8196902654867256,0.27477115676472663,0.6631660357389995,0.0,0.007891440501043737,0.0,0.037280465467083294,0.764990358421842,0.0,0.039576719576719585,0.49181962454843486,1,0,0,0,0,0,0,0,0,0,0,0,0,0,0,0,1,0,0,0,0,0,0,0,0,0,0,0,0,0,0,0,0,0,0,0,0,0,0,0,0,0,0,0,0,0,0,0,0,0,0,0,0,0,0,0,0,0,0,0,0,0,0,0,0,0,0,0,0,0,0,0,0,0,0,0,0,0,0,0,0,0,0,0,0,0,0,0,0,0,0,0,0,0,0,0,0,0,0,0,0,0,0,0,0,0,0,0,0,0,0,0,0,1,0,0,1,0,0,0,0,0,0
I'm Old Fashioned - Remastered,0.598343685300207,0.2653061224489796,0.7578609780407035,0.40929203539823006,0.13342647095630647,0.3660194569951561,0.0,0.0,0.09090909090909091,0.12401680853356321,0.6184077622356219,1.0,0.04634920634920635,0.6689688655014722,0,0,0,0,0,0,0,0,0,0,0,0,0,0,0,0,0,0,0,0,0,0,0,0,0,0,0,0,0,0,0,0,0,0,1,0,0,0,0,0,1,0,0,0,0,0,0,0,0,0,0,0,0,0,0,0,0,0,0,0,0,0,0,0,0,0,0,0,0,0,0,0,0,0,0,0,0,0,0,0,1,0,0,0,0,0,0,0,0,0,0,0,0,0,0,0,0,0,0,0,0,0,0,0,0,0,0,0,0,0,0,1,0,0,0,0,0,0,0,0,0,0,0
Cocaine and Toupees,0.6304347826086957,0.8061224489795918,0.012555058997524356,0.8407079646017699,0.03588908128229574,0.8839907192575407,1.0,0.04718162839248434,0.09090909090909091,0.2080594763495313,0.7803862752900126,1.0,0.1291005291005291,0.5692225772097976,0,0,0,0,0,0,0,0,0,0,0,0,0,0,0,0,0,0,0,0,0,0,0,0,0,0,0,0,0,1,0,0,0,0,0,0,0,0,0,0,0,0,0,0,0,0,0,0,0,0,0,0,0,0,0,0,0,0,0,0,0,0,0,0,0,0,0,0,0,0,0,0,0,0,0,0,0,0,0,0,0,0,0,0,0,0,0,0,0,0,0,0,0,0,0,0,0,0,0,0,0,0,0,0,0,0,0,0,0,0,0,0,0,0,0,0,0,0,0,0,0,0,0
Africa,0.3136645962732919,1.0,0.10378420088094396,0.952433628318584,0.755593376913853,0.8188627019986161,0.0,0.8288100208768268,0.36363636363636365,0.04708544337894624,0.8330017446665239,0.0,0.1291005291005291,0.6682119067009125,0,0,0,0,0,0,0,0,0,0,0,0,0,0,0,0,0,0,0,0,0,0,0,0,0,0,0,0,0,0,0,0,0,0,0,0,0,0,0,0,0,0,0,0,0,0,0,0,0,0,0,0,0,0,0,0,0,0,0,0,0,0,0,0,0,0,0,1,0,0,0,0,0,0,0,0,0,0,0,0,0,0,0,0,0,0,0,0,0,0,0,0,0,0,0,0,0,0,0,0,0,0,0,0,0,0,0,0,0,0,0,0,0,0,0,0,0,0,0,0,0,0,0
"Sinfonia Da Requiem, Op. 20: I. Lacrymosa",0.03695652173913044,0.2857142857142857,0.9005321030125711,0.16261061946902652,0.8456403173656918,0.11771889119550616,0.0,0.9812108559498955,0.18181818181818182,0.5463850878138133,0.46995806678705887,1.0,0.04126984126984127,0.7231618952160204,0,0,0,0,0,0,1,0,0,0,0,1,0,0,0,0,0,0,0,0,0,0,0,0,0,0,0,0,0,0,0,0,0,0,0,0,0,1,0,0,0,0,0,0,0,0,0,0,0,0,0,0,0,0,0,0,0,0,0,0,0,0,0,0,0,0,0,0,0,0,0,0,0,0,0,0,0,0,0,0,0,0,0,0,0,0,0,0,0,0,0,0,0,0,0,0,0,0,0,0,0,0,0,0,0,0,0,0,0,0,0,0,0,0,0,0,0,0,0,0,0,0,0
I'm a King Bee,0.8167701863354038,0.6122448979591837,0.2826254702118767,0.5896017699115044,0.312510096861611,0.8127569503805919,0.0,0.009008350730688936,1.0,0.5765542506195452,0.8158305530898963,0.0,0.12063492063492065,0.5380149930046566,0,0,0,0,0,0,0,0,0,0,0,0,0,0,0,0,0,0,0,0,0,0,0,0,0,0,0,0,0,0,0,0,0,0,0,0,0,0,0,0,0,0,0,0,0,0,0,0,0,0,0,0,0,0,0,0,0,0,0,0,0,0,0,0,0,0,0,0,0,0,0,0,0,0,0,0,0,0,0,0,0,0,0,0,0,0,0,0,0,0,0,0,0,0,0,0,0,0,0,0,0,0,0,0,0,0,0,0,0,0,0,0,0,0,0,0,0,0,1,0,0,0,0
La Charlatana - Remasterizado,0.9968944099378882,0.12244897959183673,0.9989952737678037,0.7201327433628317,0.20581215172937908,0.39756584035494774,0.0,0.09801670146137788,1.0,0.16388320224113784,0.817911909644639,0.0,0.19047619047619047,0.8401929461880597,0,0,0,0,0,0,0,0,0,0,0,0,0,0,0,0,0,0,0,0,0,0,0,0,0,0,0,0,0,0,0,0,0,0,0,0,0,0,0,0,0,0,0,0,0,0,0,0,0,1,0,0,0,0,0,0,0,0,0,0,0,0,0,0,0,0,0,0,0,0,0,0,0,0,0,0,0,0,0,0,0,0,0,1,0,0,0,0,0,0,0,0,0,0,0,0,0,0,0,0,0,0,0,0,0,0,0,0,0,0,0,0,0,0,0,0,0,0,0,0,0,0,0
Ya Sabah El Kheir,0.49275362318840576,0.2755102040816326,0.9989952737678037,0.4723451327433629,0.563162553214727,0.3253144462083283,0.0,0.954070981210856,0.8181818181818182,0.2802499730632475,0.7263016130513299,1.0,0.05746031746031746,0.6711040113596024,0,0,0,0,0,0,0,0,0,0,0,0,0,0,0,0,0,0,0,0,0,0,0,0,0,0,0,0,0,0,0,0,0,0,0,0,0,0,0,0,0,0,0,0,0,0,0,0,0,0,0,0,0,0,0,0,0,0,0,0,0,0,0,0,0,0,0,0,0,0,0,0,0,0,0,0,0,0,0,0,0,0,0,0,0,0,0,0,0,0,0,0,0,0,0,0,0,0,0,0,0,0,0,0,0,0,0,0,0,0,0,0,1,0,0,0,0,0,0,0,0,0,0
Sólo Quería un Café,0.2960662525879917,0.8061224489795918,0.8814423046008424,0.45907079646017696,0.3127239796765819,0.2510278015223674,0.0,9.039665970772444e-05,0.45454545454545453,0.05484322810042022,0.7523185699856142,1.0,0.04232804232804233,0.6948672972916535,0,0,0,0,0,0,0,0,0,0,0,0,0,0,0,0,0,0,0,0,0,0,0,0,0,0,0,0,0,0,0,0,0,0,0,0,0,0,0,0,0,0,0,0,0,0,0,0,0,0,0,0,0,0,0,0,0,0,0,0,0,0,0,0,0,0,0,0,0,0,0,0,0,0,1,0,0,0,0,0,0,0,0,0,0,0,0,0,0,0,0,0,0,0,0,0,0,0,0,0,0,0,0,0,0,0,0,0,0,0,0,0,0,0,0,0,0,0,0,0,0,0,0
Sweet Revenge,0.8850931677018634,0.5612244897959183,0.6151898530688358,0.6382743362831859,0.15545185020011695,0.4209712215573737,0.0,0.0,0.6363636363636364,0.33735588837409763,0.6928774754369319,1.0,0.039576719576719585,0.8558437219403203,0,0,0,0,0,0,0,0,0,0,0,0,0,0,0,0,0,0,0,0,0,0,0,0,0,0,0,0,0,0,1,0,0,0,0,0,0,0,0,0,0,0,0,0,0,0,0,0,0,0,0,0,0,0,0,0,0,0,0,0,0,0,0,0,0,0,0,0,0,0,0,0,0,0,0,0,0,0,0,0,0,0,0,0,0,0,0,0,0,0,0,0,0,0,0,0,0,0,0,0,0,0,0,0,0,0,0,0,0,0,0,0,0,0,0,0,0,0,0,0,0,0,0
Outlaw Blues,0.9171842650103519,0.4489795918367347,0.7267144648426198,0.7245575221238938,0.2064196699378602,0.7171001750315463,0.0,7.056367432150313e-06,0.8181818181818182,0.08846029522680747,0.7255670166202443,1.0,0.029735449735449736,0.46805111821086254,0,1,0,0,0,0,0,0,0,0,0,0,0,0,0,0,0,0,0,0,0,0,0,0,0,0,0,0,0,0,0,0,0,0,0,0,0,0,0,0,0,0,0,0,0,0,0,0,0,0,0,0,0,0,0,0,0,0,0,0,0,0,0,0,0,0,0,0,0,0,0,0,0,0,0,0,0,0,0,0,0,0,0,0,0,0,0,0,0,0,0,0,0,0,0,0,0,0,0,0,0,0,0,0,0,0,0,0,0,0,0,0,0,0,0,0,0,0,0,0,0,0,0
Do Something,0.7587991718426501,0.9285714285714286,0.0008299038677941034,0.6349557522123893,0.4181181497771296,0.929783856392722,0.0,6.795407098121086e-06,0.36363636363636365,0.022626872104299114,0.916715129625662,1.0,0.04338624338624339,0.5586877988682161,0,0,0,0,0,0,0,0,0,0,0,0,0,0,0,0,0,0,0,0,0,0,0,0,0,0,0,0,0,0,0,0,0,0,0,0,0,0,0,0,0,0,0,0,0,0,0,0,0,0,0,0,0,0,0,0,0,0,1,0,0,0,0,0,0,0,0,0,0,0,0,0,0,0,0,0,0,0,0,0,0,0,0,0,0,0,0,0,0,0,0,0,0,0,0,0,0,0,0,0,0,0,0,0,0,0,0,0,0,0,0,0,0,0,0,0,0,0,0,0,0,0,0
Sexy Music [Bonus Track] (Remastered 2013),0.5372670807453417,0.7040816326530612,0.13493071407902776,0.7046460176991151,0.28969744683078,0.9450482354377825,0.0,2.369519832985386e-05,0.36363636363636365,0.23499622885464932,0.8656606776652077,0.0,0.05915343915343915,0.6526446574369896,0,0,0,0,0,0,0,0,0,0,0,0,0,0,1,0,0,0,0,0,0,0,0,0,0,0,0,0,0,0,0,0,0,0,0,0,0,0,0,0,0,0,0,0,0,0,0,0,0,0,0,0,0,0,0,0,0,0,0,0,0,0,0,0,0,0,0,0,0,0,0,0,0,0,0,0,0,0,0,0,0,0,0,0,0,0,0,0,0,0,0,0,0,0,0,0,0,0,0,0,0,0,0,0,0,0,0,0,0,0,0,0,0,0,0,0,0,0,0,0,0,0,0
"Verdi : La Traviata : Act 1 ""Oh qual pallor!..."" [Violetta, Alfredo]",0.2391304347826087,0.336734693877551,0.9859338327492525,0.6150442477876107,0.01832338626553779,0.0793544185289209,0.0,0.0001221294363256785,0.7272727272727273,0.11108716733110657,0.4910471059961434,1.0,0.06444444444444446,0.36415982793543406,0,0,0,0,0,0,0,0,0,0,0,0,0,0,0,0,0,0,0,0,0,0,0,0,0,0,0,0,0,0,0,0,0,0,0,0,0,0,0,0,0,0,0,0,0,0,0,0,0,0,0,0,0,0,0,0,0,1,0,0,0,0,0,0,0,0,0,0,0,0,0,0,0,0,0,0,1,0,0,0,0,0,0,0,0,0,0,0,0,0,0,0,1,0,0,0,0,0,0,0,0,0,0,0,0,0,0,1,0,0,0,0,0,0,0,0,0,0,0,0,0,0,0
